<?xml version="1.0" encoding="UTF-8"?>
<beans xmlns="http://www.springframework.org/schema/beans"
	xmlns:xsi="http://www.w3.org/2001/XMLSchema-instance" xmlns:context="http://www.springframework.org/schema/context"
	xsi:schemaLocation="http://www.springframework.org/schema/beans http://www.springframework.org/schema/beans/spring-beans.xsd">


	<bean id="viewResolver"
		class="org.springframework.web.servlet.view.InternalResourceViewResolver">
		<!-- <property name="prefix"> <value>/WEB-INF/</value> </property> -->

		<property name="suffix">
			<value>.jsp</value>
		</property>
	</bean>


	<bean id="userDao" class="com.bridgeit.dao.UserDao"></bean>
	<bean id="userService" class="com.bridgeit.service.serviceimpl.UserServiceImpl"></bean>
</beans>